method,n_clusters,silhouette,calinski_harabasz,davies_bouldin,execution_time,embedding,metric,db_inverted,silhouette_norm,calinski_harabasz_norm,db_inverted_norm,score
K-Means,4,0.6428716754977556,1817.4513839258107,0.4689369142591431,0.011649608612060547,RESISTANCE,weighted_jaccard,-0.4689369142591431,0.9799724123411258,0.9999999999999999,0.9452792945027318,2.9252517068438575
K-Means,4,0.6428716754977556,1817.4513839258107,0.4689369142591431,0.012563228607177734,RESISTANCE,jaccard,-0.4689369142591431,0.9799724123411258,0.9999999999999999,0.9452792945027318,2.9252517068438575
Agglomerative,4,0.6420362559037296,1801.250227565775,0.4917070880614969,0.03552412986755371,RESISTANCE,jaccard,-0.4917070880614969,0.9791119049539351,0.9910680163914004,0.9398949732621832,2.9100748946075186
Agglomerative,4,0.6420362559037296,1801.250227565775,0.4917070880614969,0.026214122772216797,RESISTANCE,weighted_jaccard,-0.4917070880614969,0.9791119049539351,0.9910680163914004,0.9398949732621832,2.9100748946075186
BIRCH,4,0.6330302696675981,1759.0989037845056,0.5063427053475895,0.044891357421875,RESISTANCE,weighted_jaccard,-0.5063427053475895,0.9698354674121937,0.9678292472117019,0.9364341799583612,2.8740988945822568
BIRCH,4,0.6330302696675981,1759.0989037845056,0.5063427053475895,0.06725811958312988,RESISTANCE,jaccard,-0.5063427053475895,0.9698354674121937,0.9678292472117019,0.9364341799583612,2.8740988945822568
K-Means,3,0.46272673118824004,1050.8399654336433,0.5621711529449701,0.015531063079833984,ATTACKS_DMG,jaccard,-0.5621711529449701,0.7944176845709101,0.5773535868693845,0.9232327745218176,2.295004045962112
K-Means,3,0.46272673118824004,1050.8399654336433,0.5621711529449701,0.01055908203125,ATTACKS_DMG,weighted_jaccard,-0.5621711529449701,0.7944176845709101,0.5773535868693845,0.9232327745218176,2.295004045962112
Agglomerative,3,0.5154858608529672,829.647305837608,0.4190993988707945,0.013730764389038086,ATTACKS_DMG,weighted_jaccard,-0.4190993988707945,0.848761179914925,0.45540616744147955,0.9570640614970847,2.2612314088534893
Agglomerative,3,0.5154858608529672,829.647305837608,0.4190993988707945,0.047072410583496094,ATTACKS_DMG,jaccard,-0.4190993988707945,0.848761179914925,0.45540616744147955,0.9570640614970847,2.2612314088534893
BIRCH,3,0.515749811709999,827.3589927642732,0.41755632142306354,0.04784417152404785,ATTACKS_DMG,weighted_jaccard,-0.41755632142306354,0.8490330572612972,0.4541445800332629,0.9574289434145328,2.260606580709093
BIRCH,3,0.515749811709999,827.3589927642732,0.41755632142306354,0.03290891647338867,ATTACKS_DMG,jaccard,-0.41755632142306354,0.8490330572612972,0.4541445800332629,0.9574289434145328,2.260606580709093
K-Means,8,0.507192258124662,742.6155950812305,0.6471458469291421,0.014866352081298828,ATTACKS_COSTS,weighted_jaccard,-0.6471458469291421,0.8402185188794816,0.40742404834892393,0.9031393376557009,2.1507819048841066
K-Means,8,0.507192258124662,742.6155950812305,0.6471458469291421,0.02087259292602539,ATTACKS_COSTS,jaccard,-0.6471458469291421,0.8402185188794816,0.40742404834892393,0.9031393376557009,2.1507819048841066
Agglomerative,8,0.49907357571860234,730.9714837642439,0.6538962723133932,0.03822135925292969,ATTACKS_COSTS,jaccard,-0.6538962723133932,0.8318560310534513,0.4010044441485356,0.9015431065906836,2.1344035817926708
Agglomerative,8,0.49907357571860234,730.9714837642439,0.6538962723133932,0.014604330062866211,ATTACKS_COSTS,weighted_jaccard,-0.6538962723133932,0.8318560310534513,0.4010044441485356,0.9015431065906836,2.1344035817926708
BIRCH,8,0.5081932698834709,677.9051833286132,0.6844715262475498,0.02854156494140625,ATTACKS_COSTS,weighted_jaccard,-0.6844715262475498,0.8412495911924601,0.3717480555842423,0.8943131666428457,2.107310813419548
BIRCH,8,0.5081932698834709,677.9051833286132,0.6844715262475498,0.06378674507141113,ATTACKS_COSTS,jaccard,-0.6844715262475498,0.8412495911924601,0.3717480555842423,0.8943131666428457,2.107310813419548
BIRCH,2,0.6623153658139068,14.10330183602489,0.23752427762507028,0.7617487907409668,KEYWORDS + QUANTITY,jaccard,-0.23752427762507028,0.9999999999999999,0.005782355785495031,0.9999999999999999,2.005782355785495
K-Means,2,0.6623153658139068,14.10330183602489,0.23752427762507028,0.9233334064483643,KEYWORDS + QUANTITY,weighted_jaccard,-0.23752427762507028,0.9999999999999999,0.005782355785495031,0.9999999999999999,2.005782355785495
BIRCH,2,0.6623153658139068,14.10330183602489,0.23752427762507028,0.7558863162994385,KEYWORDS + QUANTITY,weighted_jaccard,-0.23752427762507028,0.9999999999999999,0.005782355785495031,0.9999999999999999,2.005782355785495
Agglomerative,2,0.6623153658139068,14.10330183602489,0.23752427762507028,0.7107360363006592,KEYWORDS + QUANTITY,weighted_jaccard,-0.23752427762507028,0.9999999999999999,0.005782355785495031,0.9999999999999999,2.005782355785495
K-Means,2,0.6623153658139068,14.10330183602489,0.23752427762507028,1.2702445983886719,KEYWORDS + QUANTITY,jaccard,-0.23752427762507028,0.9999999999999999,0.005782355785495031,0.9999999999999999,2.005782355785495
Agglomerative,2,0.6623153658139068,14.10330183602489,0.23752427762507028,0.6556859016418457,KEYWORDS + QUANTITY,jaccard,-0.23752427762507028,0.9999999999999999,0.005782355785495031,0.9999999999999999,2.005782355785495
K-Means,10,0.39467737185752816,719.9764847684057,0.7367795627686532,0.014060020446777344,SUPERTYPES,jaccard,-0.7367795627686532,0.7243247913512538,0.39494270703391526,0.8819442108967609,2.00121170928193
K-Means,10,0.39467737185752816,719.9764847684057,0.7367795627686532,0.013981342315673828,SUPERTYPES,weighted_jaccard,-0.7367795627686532,0.7243247913512538,0.39494270703391526,0.8819442108967609,2.00121170928193
K-Means,8,0.3992290054927947,651.7295814611625,0.7452861267114764,0.01656174659729004,ATTACKS_DMG + RESISTANCE,weighted_jaccard,-0.7452861267114764,0.7290131113223685,0.35731698402184275,0.8799327166798527,1.966262812024064
K-Means,8,0.3992290054927947,651.7295814611625,0.7452861267114764,0.026974916458129883,ATTACKS_DMG + RESISTANCE,jaccard,-0.7452861267114764,0.7290131113223685,0.35731698402184275,0.8799327166798527,1.966262812024064
K-Means,10,0.4059480963352021,563.1847491962399,0.8898073828467389,0.01782083511352539,ATTACKS_DMG + ATTACKS_COSTS,weighted_jaccard,-0.8898073828467389,0.7359339776109285,0.30850065432037754,0.8457586749762523,1.8901933069075585
K-Means,10,0.4059480963352021,563.1847491962399,0.8898073828467389,0.0232236385345459,ATTACKS_DMG + ATTACKS_COSTS,jaccard,-0.8898073828467389,0.7359339776109285,0.30850065432037754,0.8457586749762523,1.8901933069075585
Agglomerative,10,0.3426235926949166,620.032037542909,0.7700494529816206,0.016908645629882812,SUPERTYPES,jaccard,-0.7700494529816206,0.670707828305463,0.33984156829108053,0.8740770870838594,1.884626483680403
Agglomerative,10,0.3426235926949166,620.032037542909,0.7700494529816206,0.01933574676513672,SUPERTYPES,weighted_jaccard,-0.7700494529816206,0.670707828305463,0.33984156829108053,0.8740770870838594,1.884626483680403
Agglomerative,8,0.3599950997205197,580.7933271248762,0.8189575517710915,0.02906179428100586,ATTACKS_DMG + RESISTANCE,weighted_jaccard,-0.8189575517710915,0.6886010046554802,0.3182085742943678,0.8625120934464469,1.8693216723962949
Agglomerative,8,0.3599950997205197,580.7933271248762,0.8189575517710915,0.06188631057739258,ATTACKS_DMG + RESISTANCE,jaccard,-0.8189575517710915,0.6886010046554802,0.3182085742943678,0.8625120934464469,1.8693216723962949
BIRCH,10,0.4055232360366035,511.2581023327137,0.8794826611907771,0.039284467697143555,ATTACKS_DMG + ATTACKS_COSTS,weighted_jaccard,-0.8794826611907771,0.735496358684963,0.2798725768963081,0.8482000976284237,1.863569033209695
BIRCH,10,0.4055232360366035,511.2581023327137,0.8794826611907771,0.03608894348144531,ATTACKS_DMG + ATTACKS_COSTS,jaccard,-0.8794826611907771,0.735496358684963,0.2798725768963081,0.8482000976284237,1.863569033209695
Agglomerative,10,0.37565139859779684,506.95937039241977,0.9245867601255316,0.023286104202270508,ATTACKS_DMG + ATTACKS_COSTS,weighted_jaccard,-0.9245867601255316,0.7047274648633831,0.27750261006337373,0.837534612154391,1.8197646870811477
Agglomerative,10,0.37565139859779684,506.95937039241977,0.9245867601255316,0.022920846939086914,ATTACKS_DMG + ATTACKS_COSTS,jaccard,-0.9245867601255316,0.7047274648633831,0.27750261006337373,0.837534612154391,1.8197646870811477
K-Means,8,0.39997949180508935,385.8751125351119,0.8612409597002959,0.013120412826538086,ATTACKS_COSTS + RESISTANCE,weighted_jaccard,-0.8612409597002959,0.7297861348668641,0.2107467203968326,0.8525135992139405,1.7930464544776372
K-Means,8,0.39997949180508935,385.8751125351119,0.8612409597002959,0.01211404800415039,ATTACKS_COSTS + RESISTANCE,jaccard,-0.8612409597002959,0.7297861348668641,0.2107467203968326,0.8525135992139405,1.7930464544776372
K-Means,10,0.3776449446715745,430.2994216004126,0.9101379430165609,0.029895544052124023,RESISTANCE + SUPERTYPES,jaccard,-0.9101379430165609,0.7067808774664126,0.23523862650382082,0.8409512339832762,1.7829707379535096
K-Means,10,0.3776449446715745,430.2994216004126,0.9101379430165609,0.024466753005981445,RESISTANCE + SUPERTYPES,weighted_jaccard,-0.9101379430165609,0.7067808774664126,0.23523862650382082,0.8409512339832762,1.7829707379535096
K-Means,9,0.3363300420366144,501.89305577935943,0.9582571322679106,0.016029834747314453,ATTACKS_DMG + SUPERTYPES,weighted_jaccard,-0.9582571322679106,0.664225281245453,0.27470946134767527,0.8295727888728905,1.7685075314660188
K-Means,9,0.3363300420366144,501.89305577935943,0.9582571322679106,0.02272629737854004,ATTACKS_DMG + SUPERTYPES,jaccard,-0.9582571322679106,0.664225281245453,0.27470946134767527,0.8295727888728905,1.7685075314660188
BIRCH,8,0.3156760539194396,458.33198004123705,0.7942691884605317,0.05703115463256836,ATTACKS_DMG + RESISTANCE,jaccard,-0.7942691884605317,0.6429510503357755,0.25069347101838874,0.8683499970180782,1.7619945183722425
BIRCH,8,0.3156760539194396,458.33198004123705,0.7942691884605317,0.0399777889251709,ATTACKS_DMG + RESISTANCE,weighted_jaccard,-0.7942691884605317,0.6429510503357755,0.25069347101838874,0.8683499970180782,1.7619945183722425
DBSCAN,4,0.40897981628453556,256.2989091853965,0.934071481632607,0.02575206756591797,RESISTANCE,jaccard,-0.934071481632607,0.7390567406283993,0.1393090712152479,0.8352918191079033,1.7136576309515505
DBSCAN,4,0.40897981628453556,256.2989091853965,0.934071481632607,0.025633811950683594,RESISTANCE,weighted_jaccard,-0.934071481632607,0.7390567406283993,0.1393090712152479,0.8352918191079033,1.7136576309515505
Agglomerative,10,0.33410935829283583,380.4921788985768,0.9593142345887063,0.024361848831176758,RESISTANCE + SUPERTYPES,weighted_jaccard,-0.9593142345887063,0.6619379099893794,0.20777901402210042,0.8293228224682114,1.6990397464796914
Agglomerative,10,0.33410935829283583,380.4921788985768,0.9593142345887063,0.016653060913085938,RESISTANCE + SUPERTYPES,jaccard,-0.9593142345887063,0.6619379099893794,0.20777901402210042,0.8293228224682114,1.6990397464796914
BIRCH,10,0.2787825962879291,378.72308198932353,0.7216376547518542,0.029200315475463867,SUPERTYPES,weighted_jaccard,-0.7216376547518542,0.6049496758672537,0.20680367965433558,0.8855247236176984,1.6972780791392876
BIRCH,10,0.2787825962879291,378.72308198932353,0.7216376547518542,0.03834676742553711,SUPERTYPES,jaccard,-0.7216376547518542,0.6049496758672537,0.20680367965433558,0.8855247236176984,1.6972780791392876
Agglomerative,8,0.3453112177116098,335.51750002075175,0.9596958933061286,0.020404577255249023,ATTACKS_COSTS + RESISTANCE,weighted_jaccard,-0.9596958933061286,0.6734761631606677,0.1829836793181102,0.8292325740073655,1.6856924164861433
Agglomerative,8,0.3453112177116098,335.51750002075175,0.9596958933061286,0.02425694465637207,ATTACKS_COSTS + RESISTANCE,jaccard,-0.9596958933061286,0.6734761631606677,0.1829836793181102,0.8292325740073655,1.6856924164861433
K-Means,7,0.341624104978413,345.89632011834533,0.9783480980188831,0.014415502548217773,ATTACKS_COSTS + SUPERTYPES,weighted_jaccard,-0.9783480980188831,0.6696783258020409,0.18870570612460325,0.8248220032805156,1.6832060352071596
K-Means,7,0.341624104978413,345.89632011834533,0.9783480980188831,0.021616697311401367,ATTACKS_COSTS + SUPERTYPES,jaccard,-0.9783480980188831,0.6696783258020409,0.18870570612460325,0.8248220032805156,1.6832060352071596
Agglomerative,9,0.274250527009377,411.8615073587137,1.090687940429598,0.021466970443725586,ATTACKS_DMG + SUPERTYPES,weighted_jaccard,-1.090687940429598,0.6002815077738287,0.2250734787746215,0.7982577001310431,1.6236126866794933
Agglomerative,9,0.274250527009377,411.8615073587137,1.090687940429598,0.02297663688659668,ATTACKS_DMG + SUPERTYPES,jaccard,-1.090687940429598,0.6002815077738287,0.2250734787746215,0.7982577001310431,1.6236126866794933
BIRCH,8,0.3078683703535526,323.6058328304366,1.157787061799024,0.04093575477600098,ATTACKS_COSTS + RESISTANCE,weighted_jaccard,-1.157787061799024,0.6349089006982316,0.17641656683980345,0.782391188634578,1.593716656172613
BIRCH,8,0.3078683703535526,323.6058328304366,1.157787061799024,0.0381007194519043,ATTACKS_COSTS + RESISTANCE,jaccard,-1.157787061799024,0.6349089006982316,0.17641656683980345,0.782391188634578,1.593716656172613
BIRCH,9,0.2637963370608474,330.8665711688285,1.0361231511646762,0.044763803482055664,ATTACKS_DMG + SUPERTYPES,weighted_jaccard,-1.0361231511646762,0.5895133767147376,0.18041954010810812,0.8111602961487692,1.5810932129716149
BIRCH,9,0.2637963370608474,330.8665711688285,1.0361231511646762,0.03440260887145996,ATTACKS_DMG + SUPERTYPES,jaccard,-1.0361231511646762,0.5895133767147376,0.18041954010810812,0.8111602961487692,1.5810932129716149
Agglomerative,7,0.2892245827769815,294.79482454830105,1.0946482760639957,0.036753177642822266,ATTACKS_COSTS + SUPERTYPES,jaccard,-1.0946482760639957,0.6157052369948941,0.16053254918054202,0.7973212242191295,1.5735590103945656
Agglomerative,7,0.2892245827769815,294.79482454830105,1.0946482760639957,0.023154258728027344,ATTACKS_COSTS + SUPERTYPES,weighted_jaccard,-1.0946482760639957,0.6157052369948941,0.16053254918054202,0.7973212242191295,1.5735590103945656
BIRCH,10,0.2662854636742627,253.15123448150396,0.9309466856467352,0.046425580978393555,RESISTANCE + SUPERTYPES,weighted_jaccard,-0.9309466856467352,0.5920772522256945,0.13757370256404938,0.8360307201608839,1.5656816749506277
BIRCH,10,0.2662854636742627,253.15123448150396,0.9309466856467352,0.03998923301696777,RESISTANCE + SUPERTYPES,jaccard,-0.9309466856467352,0.5920772522256945,0.13757370256404938,0.8360307201608839,1.5656816749506277
DBSCAN,9,0.4107831584591799,307.72095402678684,1.8098245752286555,0.021572351455688477,ATTACKS_COSTS,jaccard,-1.8098245752286555,0.7409142374767026,0.1676589526334013,0.6282079371729319,1.5367811272830358
DBSCAN,9,0.4107831584591799,307.72095402678684,1.8098245752286555,0.011851072311401367,ATTACKS_COSTS,weighted_jaccard,-1.8098245752286555,0.7409142374767026,0.1676589526334013,0.6282079371729319,1.5367811272830358
BIRCH,7,0.29127340211302827,213.74993602126455,1.2322599422491922,0.05914020538330078,ATTACKS_COSTS + SUPERTYPES,jaccard,-1.2322599422491922,0.6178155827257037,0.11585107090841462,0.7647810502345262,1.4984477038686446
BIRCH,7,0.29127340211302827,213.74993602126455,1.2322599422491922,0.02769017219543457,ATTACKS_COSTS + SUPERTYPES,weighted_jaccard,-1.2322599422491922,0.6178155827257037,0.11585107090841462,0.7647810502345262,1.4984477038686446
K-Means,10,0.2524270991739356,146.44245969366798,1.4409865447767727,0.030995845794677734,ATTACKS_DMG + KEYWORDS,weighted_jaccard,-1.4409865447767727,0.5778027186713117,0.07874327058020551,0.7154247699877485,1.3719707592392658
K-Means,10,0.2524270991739356,146.44245969366798,1.4409865447767727,0.019948244094848633,ATTACKS_DMG + KEYWORDS,jaccard,-1.4409865447767727,0.5778027186713117,0.07874327058020551,0.7154247699877485,1.3719707592392658
K-Means,9,0.24558161192041217,142.8441343991193,1.4670598036775193,0.02003312110900879,RESISTANCE + KEYWORDS,weighted_jaccard,-1.4670598036775193,0.5707516602658111,0.07675945030003092,0.7092593887777421,1.3567704993435843
K-Means,9,0.24558161192041217,142.8441343991193,1.4670598036775193,0.02654242515563965,RESISTANCE + KEYWORDS,jaccard,-1.4670598036775193,0.5707516602658111,0.07675945030003092,0.7092593887777421,1.3567704993435843
K-Means,10,0.24171491500949763,139.3021416537605,1.4755323313149542,0.029566049575805664,SUPERTYPES + KEYWORDS,weighted_jaccard,-1.4755323313149542,0.5667688457859226,0.07480668714903976,0.7072559429140719,1.3488314758490343
K-Means,10,0.24171491500949763,139.3021416537605,1.4755323313149542,0.025220155715942383,SUPERTYPES + KEYWORDS,jaccard,-1.4755323313149542,0.5667688457859226,0.07480668714903976,0.7072559429140719,1.3488314758490343
DBSCAN,4,0.13406547874065233,172.7525527392428,1.1057256538765532,0.015184879302978516,ATTACKS_DMG,jaccard,-1.1057256538765532,0.45588667855083764,0.09324848950417665,0.7947018256513606,1.343836993706375
DBSCAN,4,0.13406547874065233,172.7525527392428,1.1057256538765532,0.012877225875854492,ATTACKS_DMG,weighted_jaccard,-1.1057256538765532,0.45588667855083764,0.09324848950417665,0.7947018256513606,1.343836993706375
BIRCH,10,0.22180070411560637,131.39790537524524,1.4080935697058807,0.07428455352783203,ATTACKS_DMG + KEYWORDS,weighted_jaccard,-1.4080935697058807,0.5462566077359565,0.0704489421023744,0.7232027670235346,1.3399083168618655
BIRCH,10,0.22180070411560637,131.39790537524524,1.4080935697058807,0.10173296928405762,ATTACKS_DMG + KEYWORDS,jaccard,-1.4080935697058807,0.5462566077359565,0.0704489421023744,0.7232027670235346,1.3399083168618655
Agglomerative,10,0.23486675400868184,134.46761272127873,1.4763798584323813,0.022369861602783203,ATTACKS_DMG + KEYWORDS,jaccard,-1.4763798584323813,0.5597150333400416,0.0721413259723063,0.7070555334529973,1.3389118927653452
Agglomerative,10,0.23486675400868184,134.46761272127873,1.4763798584323813,0.02025771141052246,ATTACKS_DMG + KEYWORDS,weighted_jaccard,-1.4763798584323813,0.5597150333400416,0.0721413259723063,0.7070555334529973,1.3389118927653452
Agglomerative,9,0.22525929191001842,129.7070603962843,1.4587569680671062,0.029522180557250977,RESISTANCE + KEYWORDS,jaccard,-1.4587569680671062,0.5498190575128367,0.06951674940568416,0.7112227086242208,1.3305585155427417
Agglomerative,9,0.22525929191001842,129.7070603962843,1.4587569680671062,0.052854061126708984,RESISTANCE + KEYWORDS,weighted_jaccard,-1.4587569680671062,0.5498190575128367,0.06951674940568416,0.7112227086242208,1.3305585155427417
K-Means,10,0.23008954361814785,140.16851594644976,1.5056604918120673,0.021808624267578125,KEYWORDS,jaccard,-1.5056604918120673,0.5547943625051523,0.07528433459649615,0.700131724367857,1.3302104214695056
K-Means,10,0.23008954361814785,140.16851594644976,1.5056604918120673,0.021237611770629883,KEYWORDS,weighted_jaccard,-1.5056604918120673,0.5547943625051523,0.07528433459649615,0.700131724367857,1.3302104214695056
BIRCH,9,0.22018837668071717,125.16791507600469,1.4465547140908117,0.10116076469421387,RESISTANCE + KEYWORDS,weighted_jaccard,-1.4465547140908117,0.5445958618326838,0.06701423843073916,0.7141080996553748,1.3257181999187977
BIRCH,9,0.22018837668071717,125.16791507600469,1.4465547140908117,0.0731966495513916,RESISTANCE + KEYWORDS,jaccard,-1.4465547140908117,0.5445958618326838,0.06701423843073916,0.7141080996553748,1.3257181999187977
BIRCH,10,0.23933445892079652,129.5399978775746,1.566764038841604,0.10252070426940918,SUPERTYPES + KEYWORDS,weighted_jaccard,-1.566764038841604,0.5643169041941065,0.0694246448888481,0.6856829490093663,1.3194244980923209
BIRCH,10,0.23933445892079652,129.5399978775746,1.566764038841604,0.0691535472869873,SUPERTYPES + KEYWORDS,jaccard,-1.566764038841604,0.5643169041941065,0.0694246448888481,0.6856829490093663,1.3194244980923209
Agglomerative,10,0.22836154383100843,118.65128070099125,1.4975795494146982,0.0200808048248291,ATTACKS_COSTS + KEYWORDS,jaccard,-1.4975795494146982,0.5530144705891253,0.06342150281808635,0.7020425745076704,1.3184785479148822
Agglomerative,10,0.22836154383100843,118.65128070099125,1.4975795494146982,0.02152872085571289,ATTACKS_COSTS + KEYWORDS,weighted_jaccard,-1.4975795494146982,0.5530144705891253,0.06342150281808635,0.7020425745076704,1.3184785479148822
K-Means,10,0.23159758441661848,121.91107798169816,1.5512460466922147,0.01889324188232422,ATTACKS_COSTS + KEYWORDS,weighted_jaccard,-1.5512460466922147,0.5563476900264944,0.065218686625932,0.6893523920037798,1.3109187686562063
K-Means,10,0.23159758441661848,121.91107798169816,1.5512460466922147,0.025563478469848633,ATTACKS_COSTS + KEYWORDS,jaccard,-1.5512460466922147,0.5563476900264944,0.065218686625932,0.6893523920037798,1.3109187686562063
Agglomerative,10,0.24044544783319588,127.73766049655407,1.6173983962039546,0.042447805404663086,SUPERTYPES + KEYWORDS,weighted_jaccard,-1.6173983962039546,0.5654612562933905,0.06843098446198174,0.6737097577542581,1.3076019985096303
Agglomerative,10,0.24044544783319588,127.73766049655407,1.6173983962039546,0.020667314529418945,SUPERTYPES + KEYWORDS,jaccard,-1.6173983962039546,0.5654612562933905,0.06843098446198174,0.6737097577542581,1.3076019985096303
Agglomerative,10,0.2161583163899275,129.96315453463822,1.5534846678273202,0.024721622467041016,KEYWORDS,weighted_jaccard,-1.5534846678273202,0.5404447781427069,0.06965793862670039,0.6888230392007703,1.2989257559701777
Agglomerative,10,0.2161583163899275,129.96315453463822,1.5534846678273202,0.0442202091217041,KEYWORDS,jaccard,-1.5534846678273202,0.5404447781427069,0.06965793862670039,0.6888230392007703,1.2989257559701777
DBSCAN,3,0.47706460052807265,45.00717347139843,2.495047685301684,0.008745193481445312,SUPERTYPES,jaccard,-2.495047685301684,0.8091861225770665,0.02282020597070336,0.46617749427400057,1.2981838228217704
DBSCAN,3,0.47706460052807265,45.00717347139843,2.495047685301684,0.010909795761108398,SUPERTYPES,weighted_jaccard,-2.495047685301684,0.8091861225770665,0.02282020597070336,0.46617749427400057,1.2981838228217704
BIRCH,10,0.20842507035000526,125.64820953190015,1.5468111818719237,0.10274362564086914,KEYWORDS,jaccard,-1.5468111818719237,0.5324793014027522,0.06727903324612294,0.6904010768780422,1.2901594115269175
BIRCH,10,0.20842507035000526,125.64820953190015,1.5468111818719237,0.08854937553405762,KEYWORDS,weighted_jaccard,-1.5468111818719237,0.5324793014027522,0.06727903324612294,0.6904010768780422,1.2901594115269175
BIRCH,10,0.202874733450897,109.56976250880756,1.6016672019659386,0.06232190132141113,ATTACKS_COSTS + KEYWORDS,weighted_jaccard,-1.6016672019659386,0.5267622869381248,0.05841470146198825,0.6774296153192535,1.2626066037193664
BIRCH,10,0.202874733450897,109.56976250880756,1.6016672019659386,0.06335639953613281,ATTACKS_COSTS + KEYWORDS,jaccard,-1.6016672019659386,0.5267622869381248,0.05841470146198825,0.6774296153192535,1.2626066037193664
DBSCAN,19,0.1087063394703781,83.98395547810449,1.1902201663614815,0.01156306266784668,ATTACKS_COSTS + SUPERTYPES,weighted_jaccard,-1.1902201663614815,0.42976599999491893,0.04430879420867851,0.7747219343149415,1.2487967285185388
DBSCAN,19,0.1087063394703781,83.98395547810449,1.1902201663614815,0.019147634506225586,ATTACKS_COSTS + SUPERTYPES,jaccard,-1.1902201663614815,0.42976599999491893,0.04430879420867851,0.7747219343149415,1.2487967285185388
DBSCAN,26,0.09698331495803608,96.37539100895907,1.2290434118950881,0.018924474716186523,ATTACKS_DMG + ATTACKS_COSTS,weighted_jaccard,-1.2290434118950881,0.4176909310532463,0.05114041144568221,0.7655416431424593,1.2343729856413879
DBSCAN,26,0.09698331495803608,96.37539100895907,1.2290434118950881,0.014845609664916992,ATTACKS_DMG + ATTACKS_COSTS,jaccard,-1.2290434118950881,0.4176909310532463,0.05114041144568221,0.7655416431424593,1.2343729856413879
DBSCAN,18,0.1243749901341443,93.58030240599842,1.3514522820482622,0.026465654373168945,ATTACKS_COSTS + RESISTANCE,jaccard,-1.3514522820482622,0.4459051829155699,0.04959942973848677,0.7365963796886876,1.2321009923427444
DBSCAN,18,0.1243749901341443,93.58030240599842,1.3514522820482622,0.024339914321899414,ATTACKS_COSTS + RESISTANCE,weighted_jaccard,-1.3514522820482622,0.4459051829155699,0.04959942973848677,0.7365963796886876,1.2321009923427444
DBSCAN,15,-0.050267646552012026,104.85057792892515,1.2161408885277825,0.034958839416503906,ATTACKS_DMG + RESISTANCE,weighted_jaccard,-1.2161408885277825,0.26601799800687476,0.05581293166378769,0.7685926225168933,1.0904235521875558
DBSCAN,15,-0.050267646552012026,104.85057792892515,1.2161408885277825,0.044817447662353516,ATTACKS_DMG + RESISTANCE,jaccard,-1.2161408885277825,0.26601799800687476,0.05581293166378769,0.7685926225168933,1.0904235521875558
DBSCAN,24,0.036262214092222904,74.27663840152158,1.7178702853803796,0.016922473907470703,ATTACKS_DMG + SUPERTYPES,weighted_jaccard,-1.7178702853803796,0.3551463651524389,0.038956978876200185,0.6499517956207079,1.044055139649347
DBSCAN,24,0.036262214092222904,74.27663840152158,1.7178702853803796,0.016770362854003906,ATTACKS_DMG + SUPERTYPES,jaccard,-1.7178702853803796,0.3551463651524389,0.038956978876200185,0.6499517956207079,1.044055139649347
DBSCAN,7,0.09383786261080634,68.44698630211687,2.0427451644168917,0.017960071563720703,RESISTANCE + SUPERTYPES,weighted_jaccard,-2.0427451644168917,0.4144510202345358,0.035742988723980795,0.5731306555231233,1.0233246644816398
DBSCAN,7,0.09383786261080634,68.44698630211687,2.0427451644168917,0.016716480255126953,RESISTANCE + SUPERTYPES,jaccard,-2.0427451644168917,0.4144510202345358,0.035742988723980795,0.5731306555231233,1.0233246644816398
Agglomerative,5,0.1674272528758019,13.076438527057856,2.3311940254035717,0.6404876708984375,QUANTITY,jaccard,-2.3311940254035717,0.4902503124641103,0.005216227909179312,0.5049229491391648,1.0003894895124543
BIRCH,5,0.1674272528758019,13.076438527057856,2.3311940254035717,0.7885951995849609,QUANTITY,jaccard,-2.3311940254035717,0.4902503124641103,0.005216227909179312,0.5049229491391648,1.0003894895124543
BIRCH,5,0.1674272528758019,13.076438527057856,2.3311940254035717,0.8352322578430176,QUANTITY,weighted_jaccard,-2.3311940254035717,0.4902503124641103,0.005216227909179312,0.5049229491391648,1.0003894895124543
Agglomerative,5,0.1674272528758019,13.076438527057856,2.3311940254035717,0.6525027751922607,QUANTITY,weighted_jaccard,-2.3311940254035717,0.4902503124641103,0.005216227909179312,0.5049229491391648,1.0003894895124543
DBSCAN,4,-0.20922703197750087,5.800680841617592,1.1546807878555927,0.03066277503967285,ATTACKS_COSTS + KEYWORDS,jaccard,-1.1546807878555927,0.10228503507415176,0.001204974209609932,0.783125709895494,0.8866157191792557
DBSCAN,4,-0.20922703197750087,5.800680841617592,1.1546807878555927,0.03039836883544922,ATTACKS_COSTS + KEYWORDS,weighted_jaccard,-1.1546807878555927,0.10228503507415176,0.001204974209609932,0.783125709895494,0.8866157191792557
DBSCAN,4,-0.2611670468587521,4.54175874045565,1.2991112996958527,0.028298616409301758,RESISTANCE + KEYWORDS,jaccard,-1.2991112996958527,0.04878525267053069,0.0005109082230720743,0.7489731259303931,0.7982692868239959
DBSCAN,4,-0.2611670468587521,4.54175874045565,1.2991112996958527,0.03837323188781738,RESISTANCE + KEYWORDS,weighted_jaccard,-1.2991112996958527,0.04878525267053069,0.0005109082230720743,0.7489731259303931,0.7982692868239959
DBSCAN,5,-0.2858722931795014,4.162597585723835,1.323441806059997,0.03126335144042969,ATTACKS_DMG + KEYWORDS,weighted_jaccard,-1.323441806059997,0.02333810358114813,0.0003018699826020082,0.7432198425629986,0.7668598161267487
DBSCAN,5,-0.2858722931795014,4.162597585723835,1.323441806059997,0.06756782531738281,ATTACKS_DMG + KEYWORDS,jaccard,-1.323441806059997,0.02333810358114813,0.0003018699826020082,0.7432198425629986,0.7668598161267487
DBSCAN,3,-0.2590157706598465,3.6150548446212056,1.49594560402219,0.03675580024719238,SUPERTYPES + KEYWORDS,jaccard,-1.49594560402219,0.051001132061298526,0.0,0.7024289434023105,0.7534300754636091
DBSCAN,3,-0.2590157706598465,3.6150548446212056,1.49594560402219,0.035511016845703125,SUPERTYPES + KEYWORDS,weighted_jaccard,-1.49594560402219,0.051001132061298526,0.0,0.7024289434023105,0.7534300754636091
DBSCAN,5,-0.3085299824792428,4.603756748162555,1.3396648833188012,0.04136514663696289,KEYWORDS,weighted_jaccard,-1.3396648833188012,0.0,0.0005450888195861546,0.739383672482355,0.7399287613019412
DBSCAN,5,-0.3085299824792428,4.603756748162555,1.3396648833188012,0.04474997520446777,KEYWORDS,jaccard,-1.3396648833188012,0.0,0.0005450888195861546,0.739383672482355,0.7399287613019412
K-Means,8,-0.051983158604597436,7.557989610706715,2.817683762472628,3.6984922885894775,ATTACKS_DMG + QUANTITY,jaccard,-2.817683762472628,0.2642509688342043,0.0021738095675274227,0.3898857497156327,0.6563105281173645
K-Means,8,-0.051983158604597436,7.557989610706715,2.817683762472628,3.505150556564331,ATTACKS_DMG + QUANTITY,weighted_jaccard,-2.817683762472628,0.2642509688342043,0.0021738095675274227,0.3898857497156327,0.6563105281173645
Agglomerative,8,0.017836912323552966,12.219363570922905,3.4450509181972913,0.5995333194732666,ATTACKS_DMG + QUANTITY,weighted_jaccard,-3.4450509181972913,0.3361677484231487,0.004743707350188683,0.24153614415215974,0.5824475999254972
BIRCH,8,0.017836912323552966,12.219363570922905,3.4450509181972913,0.8437623977661133,ATTACKS_DMG + QUANTITY,weighted_jaccard,-3.4450509181972913,0.3361677484231487,0.004743707350188683,0.24153614415215974,0.5824475999254972
Agglomerative,8,0.017836912323552966,12.219363570922905,3.4450509181972913,0.6584513187408447,ATTACKS_DMG + QUANTITY,jaccard,-3.4450509181972913,0.3361677484231487,0.004743707350188683,0.24153614415215974,0.5824475999254972
BIRCH,8,0.017836912323552966,12.219363570922905,3.4450509181972913,0.813652753829956,ATTACKS_DMG + QUANTITY,jaccard,-3.4450509181972913,0.3361677484231487,0.004743707350188683,0.24153614415215974,0.5824475999254972
K-Means,8,-0.07628612434930616,7.5724082621427415,3.038533270099977,3.173577070236206,RESISTANCE + QUANTITY,jaccard,-3.038533270099977,0.2392181808753024,0.0021817588246929418,0.3376628415725368,0.5790627812725321
K-Means,8,-0.07628612434930616,7.5724082621427415,3.038533270099977,3.91670560836792,RESISTANCE + QUANTITY,weighted_jaccard,-3.038533270099977,0.2392181808753024,0.0021817588246929418,0.3376628415725368,0.5790627812725321
Agglomerative,8,0.013016700617653093,12.201390944887159,3.459187948094015,0.6660821437835693,RESISTANCE + QUANTITY,weighted_jaccard,-3.459187948094015,0.3312027849360451,0.0047337987240642695,0.23819324870428515,0.5741298323643945
Agglomerative,8,0.013016700617653093,12.201390944887159,3.459187948094015,0.707862138748169,RESISTANCE + QUANTITY,jaccard,-3.459187948094015,0.3312027849360451,0.0047337987240642695,0.23819324870428515,0.5741298323643945
BIRCH,8,0.006227191602732388,12.202013286132855,3.529285372850696,0.7875986099243164,RESISTANCE + QUANTITY,jaccard,-3.529285372850696,0.32420938580521813,0.004734141831783372,0.22161774707213933,0.5505612747091408
BIRCH,8,0.006227191602732388,12.202013286132855,3.529285372850696,0.8136889934539795,RESISTANCE + QUANTITY,weighted_jaccard,-3.529285372850696,0.32420938580521813,0.004734141831783372,0.22161774707213933,0.5505612747091408
Agglomerative,7,0.012349913799518518,12.511720249646826,3.5843858946592304,0.6145482063293457,ATTACKS_COSTS + QUANTITY,jaccard,-3.5843858946592304,0.33051597439582175,0.004904888750095928,0.20858846971509348,0.5440093328610112
Agglomerative,7,0.012349913799518518,12.511720249646826,3.5843858946592304,0.6031661033630371,ATTACKS_COSTS + QUANTITY,weighted_jaccard,-3.5843858946592304,0.33051597439582175,0.004904888750095928,0.20858846971509348,0.5440093328610112
Agglomerative,7,0.010449067120714571,12.609957877036678,3.5935942247474584,0.6622648239135742,SUPERTYPES + QUANTITY,weighted_jaccard,-3.5935942247474584,0.3285580449664375,0.00495904888892147,0.20641103322671217,0.539928127082071
Agglomerative,7,0.010449067120714571,12.609957877036678,3.5935942247474584,0.6151371002197266,SUPERTYPES + QUANTITY,jaccard,-3.5935942247474584,0.3285580449664375,0.00495904888892147,0.20641103322671217,0.539928127082071
BIRCH,7,0.01680823650391192,12.574514181436474,3.675953840474928,0.7443628311157227,SUPERTYPES + QUANTITY,jaccard,-3.675953840474928,0.3351081812928642,0.004939508153612592,0.18693596763546927,0.526983657081946
BIRCH,7,0.01680823650391192,12.574514181436474,3.675953840474928,0.7766544818878174,SUPERTYPES + QUANTITY,weighted_jaccard,-3.675953840474928,0.3351081812928642,0.004939508153612592,0.18693596763546927,0.526983657081946
BIRCH,7,0.017928793655508563,12.50958936989897,3.6819769579206865,0.7607502937316895,ATTACKS_COSTS + QUANTITY,jaccard,-3.6819769579206865,0.33626238896720356,0.00490371395846027,0.1855117185507229,0.5266778214763868
BIRCH,7,0.017928793655508563,12.50958936989897,3.6819769579206865,0.7301187515258789,ATTACKS_COSTS + QUANTITY,weighted_jaccard,-3.6819769579206865,0.33626238896720356,0.00490371395846027,0.1855117185507229,0.5266778214763868
K-Means,5,-0.08171371763443148,9.491118767761513,3.7775227225869594,2.4458518028259277,QUANTITY,weighted_jaccard,-3.7775227225869594,0.23362759603636007,0.003239577810262994,0.1629186064118996,0.3997857802585226
K-Means,5,-0.08171371763443148,9.491118767761513,3.7775227225869594,2.5138306617736816,QUANTITY,jaccard,-3.7775227225869594,0.23362759603636007,0.003239577810262994,0.1629186064118996,0.3997857802585226
K-Means,7,-0.03933396752363314,9.599380922058549,4.3434250082483095,2.8562464714050293,SUPERTYPES + QUANTITY,weighted_jaccard,-4.3434250082483095,0.27728001728481794,0.0032992646478024524,0.029103216015253786,0.30968249794787417
K-Means,7,-0.03933396752363314,9.599380922058549,4.3434250082483095,2.8886005878448486,SUPERTYPES + QUANTITY,jaccard,-4.3434250082483095,0.27728001728481794,0.0032992646478024524,0.029103216015253786,0.30968249794787417
K-Means,7,-0.03911301805842709,9.57244624086568,4.466501856242477,2.9322736263275146,ATTACKS_COSTS + QUANTITY,weighted_jaccard,-4.466501856242477,0.27750760190021984,0.0032844150824028486,0.0,0.2807920169826227
K-Means,7,-0.03911301805842709,9.57244624086568,4.466501856242477,2.7618210315704346,ATTACKS_COSTS + QUANTITY,jaccard,-4.466501856242477,0.27750760190021984,0.0032844150824028486,0.0,0.2807920169826227
DBSCAN,0,,,,0.17395257949829102,QUANTITY,jaccard,,,,,
DBSCAN,0,,,,0.18137168884277344,QUANTITY,weighted_jaccard,,,,,
DBSCAN,0,,,,0.18051791191101074,ATTACKS_DMG + QUANTITY,jaccard,,,,,
DBSCAN,0,,,,0.17205524444580078,ATTACKS_DMG + QUANTITY,weighted_jaccard,,,,,
DBSCAN,0,,,,0.18014287948608398,ATTACKS_COSTS + QUANTITY,jaccard,,,,,
DBSCAN,0,,,,0.16566109657287598,ATTACKS_COSTS + QUANTITY,weighted_jaccard,,,,,
DBSCAN,0,,,,0.15680742263793945,RESISTANCE + QUANTITY,jaccard,,,,,
DBSCAN,0,,,,0.17382192611694336,RESISTANCE + QUANTITY,weighted_jaccard,,,,,
DBSCAN,0,,,,0.1861724853515625,SUPERTYPES + QUANTITY,jaccard,,,,,
DBSCAN,0,,,,0.18119382858276367,SUPERTYPES + QUANTITY,weighted_jaccard,,,,,
DBSCAN,0,,,,0.18117642402648926,KEYWORDS + QUANTITY,jaccard,,,,,
DBSCAN,0,,,,0.16683459281921387,KEYWORDS + QUANTITY,weighted_jaccard,,,,,
